time,Cache:adminBytes,Cache:cacheTotalBytes,Cache:dataAdminBytes,Cache:dataBytes,Cache:lockBytes,Cache:nBINDeltasFetchMiss,Cache:nBINsFetch,Cache:nBINsFetchMiss,Cache:nBINsFetchMissRatio,Cache:nBinDeltaBlindOps,Cache:nBytesEvictedCACHEMODE,Cache:nBytesEvictedCRITICAL,Cache:nBytesEvictedDAEMON,Cache:nBytesEvictedEVICTORTHREAD,Cache:nBytesEvictedMANUAL,Cache:nCachedBINDeltas,Cache:nCachedBINs,Cache:nCachedUpperINs,Cache:nEvictionRuns,Cache:nFullBINsMiss,Cache:nINCompactKey,Cache:nINNoTarget,Cache:nINSparseTarget,Cache:nLNsEvicted,Cache:nLNsFetch,Cache:nLNsFetchMiss,Cache:nNodesEvicted,Cache:nNodesMovedToDirtyLRU,Cache:nNodesMutated,Cache:nNodesPutBack,Cache:nNodesSkipped,Cache:nNodesStripped,Cache:nNodesTargeted,Cache:nRootNodesEvicted,Cache:nSharedCacheEnvironments,Cache:nThreadUnavailable,Cache:nUpperINsFetch,Cache:nUpperINsFetchMiss,Cache:sharedCacheTotalBytes,Checkpoints:lastCheckpointEnd,Checkpoints:lastCheckpointId,Checkpoints:lastCheckpointInterval,Checkpoints:lastCheckpointStart,Checkpoints:nCheckpoints,Checkpoints:nDeltaINFlush,Checkpoints:nFullBINFlush,Checkpoints:nFullINFlush,Cleaning:cleanerBackLog,Cleaning:fileDeletionBacklog,Cleaning:lastKnownUtilization,Cleaning:lnSizeCorrectionFactor,Cleaning:nBINDeltasCleaned,Cleaning:nBINDeltasDead,Cleaning:nBINDeltasMigrated,Cleaning:nBINDeltasObsolete,Cleaning:nCleanerDeletions,Cleaning:nCleanerEntriesRead,Cleaning:nCleanerProbeRuns,Cleaning:nCleanerRuns,Cleaning:nClusterLNsProcessed,Cleaning:nINsCleaned,Cleaning:nINsDead,Cleaning:nINsMigrated,Cleaning:nINsObsolete,Cleaning:nLNQueueHits,Cleaning:nLNsCleaned,Cleaning:nLNsDead,Cleaning:nLNsLocked,Cleaning:nLNsMarked,Cleaning:nLNsMigrated,Cleaning:nLNsObsolete,Cleaning:nMarkLNsProcessed,Cleaning:nPendingLNsLocked,Cleaning:nPendingLNsProcessed,Cleaning:nRepeatIteratorReads,Cleaning:nToBeCleanedLNsProcessed,Cleaning:pendingLNQueueSize,Cleaning:totalLogSize,Environment:btreeRelatchesRequired,Environment:environmentCreationTime,I/O:bufferBytes,I/O:endOfLog,I/O:nBytesReadFromWriteQueue,I/O:nBytesWrittenFromWriteQueue,I/O:nCacheMiss,I/O:nFSyncRequests,I/O:nFSyncTime,I/O:nFSyncs,I/O:nFileOpens,I/O:nGroupCommitRequests,I/O:nGroupCommitWaits,I/O:nGrpCommitTimeouts,I/O:nLogBuffers,I/O:nLogFSyncs,I/O:nLogIntervalExceeded,I/O:nLogMaxGroupCommitThreshold,I/O:nNoFreeBuffer,I/O:nNotResident,I/O:nOpenFiles,I/O:nRandomReadBytes,I/O:nRandomReads,I/O:nRandomWriteBytes,I/O:nRandomWrites,I/O:nReadsFromWriteQueue,I/O:nRepeatFaultReads,I/O:nSequentialReadBytes,I/O:nSequentialReads,I/O:nSequentialWriteBytes,I/O:nSequentialWrites,I/O:nTempBufferWrites,I/O:nWriteQueueOverflow,I/O:nWriteQueueOverflowFailures,I/O:nWritesFromWriteQueue,Jvm:Copy.count,Jvm:Copy.time,Jvm:MarkSweepCompact.count,Jvm:MarkSweepCompact.time,Jvm:heap,Jvm:loadAverage,Locks:nLatchAcquireNoWaitUnsuccessful,Locks:nLatchAcquiresNoWaitSuccessful,Locks:nLatchAcquiresNoWaiters,Locks:nLatchAcquiresSelfOwned,Locks:nLatchAcquiresWithContention,Locks:nLatchReleases,Locks:nRequests,Locks:nWaits,Node Compression:cursorsBins,Node Compression:dbClosedBins,Node Compression:inCompQueueSize,Node Compression:nonEmptyBins,Node Compression:processedBins,Node Compression:splitBins,Op:cursorDelete,Op:cursorGetCurrent,Op:cursorGetFirst,Op:cursorGetLast,Op:cursorGetNext,Op:cursorGetNextDup,Op:cursorGetNextNoDup,Op:cursorGetPrev,Op:cursorGetPrevDup,Op:cursorGetPrevNoDup,Op:cursorPut,Op:cursorPutCurrent,Op:cursorPutNoDupData,Op:cursorPutNoOverwrite,Op:dbDelete,Op:dbGet,Op:dbGetSearchBoth,Op:dbPut,Op:dbPutNoDupData,Op:dbPutNoOverWrite,Op:dbRemoveSequence,Op:dosCursorGetNext,Op:nBinDeltaDeleteOps,Op:nBinDeltaGetOps,Op:nBinDeltaInsertOps,Op:nBinDeltaUpdateOps,Op:secondaryCursorDelete,Op:secondaryCursorGetCurrent,Op:secondaryCursorGetFirst,Op:secondaryCursorGetLast,Op:secondaryCursorGetNext,Op:secondaryCursorGetNextDup,Op:secondaryCursorGetNextNoDup,Op:secondaryCursorGetPrev,Op:secondaryCursorGetPrevDup,Op:secondaryCursorGetPrevNoDup,Op:secondaryDbDelete,Op:secondaryDbGet,Op:secondaryDbGetSearchBoth
2015-10-24 16:25:31.733 UTC,109,3156997,600,11160,0,0,0,0,0.0,0,0,0,0,0,0,0,3,3,0,0,0,1,5,0,0,0,0,0,0,0,0,0,0,0,0,0,0,0,0,945,1,369,369,1,0,2,4,0,0,46,NaN,0,0,0,0,0,0,0,0,0,0,0,0,0,0,0,0,0,0,0,0,0,0,0,0,0,0,0,0,1445703931430,3145728,0,0,0,0,2,3,2,2,2,0,0,3,3,0,0,0,0,0,0,0,38,1,0,0,2048,1,956,2,0,0,0,0,5,18,0,0,8462264,0,0,0,0,0,0,0,3,0,0,0,0,0,0,0,0,0,0,0,0,0,0,0,0,0,0,0,0,0,0,0,0,0,0,0,0,0,0,0,0,0,0,0,0,0,0,0,0,0,0,0,0,0,0
2015-10-24 16:25:31.843 UTC,573,3174381,1000,28080,0,0,9,0,0.0,0,0,0,0,0,0,0,5,5,0,0,0,1,9,0,2,0,0,0,0,0,0,0,0,0,0,0,0,0,0,945,1,369,369,0,0,0,0,0,0,46,NaN,0,0,0,0,0,0,0,0,0,0,0,0,0,0,0,0,0,0,0,0,0,0,0,0,0,0,0,0,1445703931430,3145728,0,0,0,0,0,0,0,0,0,0,0,3,0,0,0,0,0,0,0,0,0,0,0,0,0,0,0,0,0,0,0,0,1,7,0,0,9784840,0,0,0,0,0,0,0,11,0,0,0,0,0,0,0,0,0,0,0,0,0,0,0,0,0,0,0,0,1,0,3,0,2,0,0,0,0,0,0,0,0,0,0,0,0,0,0,0,0,0,0,0,0,0
2015-10-24 16:26:43.919 UTC,109,3158757,1000,12920,0,0,17,3,0.1764706,0,0,0,0,0,0,0,3,3,2,0,2,1,5,0,12,5,0,0,0,0,0,0,0,0,0,0,0,0,0,18137,2,0,17058,0,0,0,0,0,0,51,NaN,0,0,0,0,0,0,0,0,0,0,0,0,0,0,0,0,0,0,0,0,0,0,0,0,0,0,0,0,1445704003544,3145728,0,0,0,13,0,0,0,2,0,0,0,3,0,0,0,0,13,0,2048,1,0,0,0,0,102400,23,0,0,0,0,0,0,5,18,0,0,9033656,0,0,0,0,0,0,0,10,0,0,0,0,0,0,0,0,0,0,0,0,0,0,0,0,0,0,0,0,0,0,0,0,0,0,0,0,0,0,0,0,0,0,0,0,0,0,0,0,0,0,0,0,0,0
2015-10-24 16:26:44.039 UTC,573,3173909,1000,27608,0,0,8,2,0.25,0,0,0,0,0,0,0,5,5,0,0,2,1,9,0,7,4,0,0,0,0,0,0,0,0,0,0,0,0,0,18137,2,0,17058,0,0,0,0,0,0,51,NaN,0,0,0,0,0,0,0,0,0,0,0,0,0,0,0,0,0,0,0,0,0,0,0,0,0,0,0,0,1445704003544,3145728,0,0,0,8,0,0,0,1,0,0,0,3,0,0,0,0,8,1,0,0,0,0,0,1,26624,10,0,0,0,0,0,0,1,5,0,0,10315336,0,0,0,0,0,0,0,11,0,0,0,0,0,0,0,0,0,0,0,0,0,0,0,0,0,1,0,0,0,0,2,0,0,0,0,0,0,0,0,0,0,0,0,0,0,0,0,0,0,0,0,0,0,0
2015-10-24 16:28:28.407 UTC,109,3157661,800,11824,0,0,14,3,0.21428572,0,0,0,0,0,0,0,3,3,2,0,2,1,5,0,10,4,0,0,0,0,0,0,0,0,0,0,0,0,0,18845,3,0,18336,0,0,0,0,0,0,50,NaN,0,0,0,0,0,0,0,0,0,0,0,0,0,0,0,0,0,0,0,0,0,0,0,0,0,0,0,0,1445704107961,3145728,0,0,0,12,0,0,0,2,0,0,0,3,0,0,0,0,12,0,2048,1,0,0,0,0,100352,22,0,0,0,0,0,0,5,20,0,0,9461144,1,0,0,0,0,0,0,8,0,0,0,0,0,0,0,0,0,0,0,0,0,0,0,0,0,0,0,0,0,0,0,0,0,0,0,0,0,0,0,0,0,0,0,0,0,0,0,0,0,0,0,0,0,0
2015-10-24 16:28:28.498 UTC,573,3173013,1000,26712,0,0,8,2,0.25,0,0,0,0,0,0,0,5,5,0,0,2,1,9,0,7,5,0,0,0,0,0,0,0,0,0,0,0,0,0,18845,3,0,18336,0,0,0,0,0,0,50,NaN,0,0,0,0,0,0,0,0,0,0,0,0,0,0,0,0,0,0,0,0,0,0,0,0,0,0,0,0,1445704107961,3145728,0,0,0,9,0,0,0,1,0,0,0,3,0,0,0,0,9,1,0,0,0,0,0,1,28672,11,0,0,0,0,0,0,1,5,0,0,10280688,1,0,0,0,0,0,0,11,0,0,0,0,0,0,0,0,0,0,0,0,0,0,0,0,0,1,0,0,0,0,2,0,0,0,0,0,0,0,0,0,0,0,0,0,0,0,0,0,0,0,0,0,0,0
2015-10-24 16:29:52.089 UTC,109,3157685,800,11848,0,0,14,3,0.21428572,0,0,0,0,0,0,0,3,3,2,0,2,1,5,0,10,4,0,0,0,0,0,0,0,0,0,0,0,0,0,19677,4,0,19044,0,0,0,0,0,0,48,NaN,0,0,0,0,0,0,0,0,0,0,0,0,0,0,0,0,0,0,0,0,0,0,0,0,0,0,0,0,1445704191626,3145728,0,0,0,12,0,0,0,2,0,0,0,3,0,0,0,0,12,0,2048,1,0,0,0,0,100352,22,0,0,0,0,0,0,5,20,0,0,9153520,0,0,0,0,0,0,0,8,0,0,0,0,0,0,0,0,0,0,0,0,0,0,0,0,0,0,0,0,0,0,0,0,0,0,0,0,0,0,0,0,0,0,0,0,0,0,0,0,0,0,0,0,0,0
2015-10-24 16:29:52.183 UTC,573,3173037,1000,26736,0,0,8,2,0.25,0,0,0,0,0,0,0,5,5,0,0,2,1,9,0,7,5,0,0,0,0,0,0,0,0,0,0,0,0,0,19677,4,0,19044,0,0,0,0,0,0,48,NaN,0,0,0,0,0,0,0,0,0,0,0,0,0,0,0,0,0,0,0,0,0,0,0,0,0,0,0,0,1445704191626,3145728,0,0,0,9,0,0,0,1,0,0,0,3,0,0,0,0,9,1,0,0,0,0,0,1,28672,11,0,0,0,0,0,0,1,3,0,0,10302456,0,0,0,0,0,0,0,11,0,0,0,0,0,0,0,0,0,0,0,0,0,0,0,0,0,1,0,0,0,0,2,0,0,0,0,0,0,0,0,0,0,0,0,0,0,0,0,0,0,0,0,0,0,0
2015-10-24 16:30:24.486 UTC,109,3157781,800,11944,0,1,14,3,0.21428572,0,0,0,0,0,0,0,3,3,2,1,2,1,5,0,10,4,0,0,0,0,0,0,0,0,0,0,0,0,0,20379,5,0,19876,0,0,0,0,0,0,47,NaN,0,0,0,0,0,0,0,0,0,0,0,0,0,0,0,0,0,0,0,0,0,0,0,0,0,0,0,0,1445704223481,3145728,0,0,0,13,0,0,0,2,0,0,0,3,0,0,0,0,13,0,2048,1,0,0,0,0,102400,23,0,0,0,0,0,0,5,26,0,0,9168552,0,0,0,0,0,0,0,8,0,0,0,0,0,0,0,0,0,0,0,0,0,0,0,0,0,0,0,0,0,0,0,0,0,0,0,0,0,0,0,0,0,0,0,0,0,0,0,0,0,0,0,0,0,0
2015-10-24 16:30:24.885 UTC,573,3173133,1000,26832,0,0,8,2,0.25,0,0,0,0,0,0,0,5,5,0,0,2,1,9,0,7,5,0,0,0,0,0,0,0,0,0,0,0,0,0,20379,5,0,19876,0,0,0,0,0,0,47,NaN,0,0,0,0,0,0,0,0,0,0,0,0,0,0,0,0,0,0,0,0,0,0,0,0,0,0,0,0,1445704223481,3145728,0,0,0,9,0,0,0,1,0,0,0,3,0,0,0,0,9,1,0,0,0,0,0,1,28672,11,0,0,0,0,0,0,1,4,0,0,10313784,0,0,0,0,0,0,0,11,0,0,0,0,0,0,0,0,0,0,0,0,0,0,0,0,0,1,0,0,0,0,2,0,0,0,0,0,0,0,0,0,0,0,0,0,0,0,0,0,0,0,0,0,0,0
2015-10-24 16:30:25.408 UTC,109,3157733,800,11896,0,0,14,3,0.21428572,0,0,0,0,0,0,0,3,3,2,0,2,1,5,0,10,4,0,0,0,0,0,0,0,0,0,0,0,0,0,21249,6,0,20578,0,0,0,0,0,0,45,NaN,0,0,0,0,0,0,0,0,0,0,0,0,0,0,0,0,0,0,0,0,0,0,0,0,0,0,0,0,1445704225105,3145728,0,0,0,12,0,0,0,2,0,0,0,3,0,0,0,0,12,0,2048,1,0,0,0,0,100352,22,0,0,0,0,0,0,5,19,0,0,9170192,0,0,0,0,0,0,0,8,0,0,0,0,0,0,0,0,0,0,0,0,0,0,0,0,0,0,0,0,0,0,0,0,0,0,0,0,0,0,0,0,0,0,0,0,0,0,0,0,0,0,0,0,0,0
2015-10-24 16:30:25.511 UTC,573,3173085,1000,26784,0,0,8,2,0.25,0,0,0,0,0,0,0,5,5,0,0,2,1,9,0,7,5,0,0,0,0,0,0,0,0,0,0,0,0,0,21249,6,0,20578,0,0,0,0,0,0,45,NaN,0,0,0,0,0,0,0,0,0,0,0,0,0,0,0,0,0,0,0,0,0,0,0,0,0,0,0,0,1445704225105,3145728,0,0,0,9,0,0,0,1,0,0,0,3,0,0,0,0,9,1,0,0,0,0,0,1,28672,11,0,0,0,0,0,0,1,3,0,0,10318712,0,0,0,0,0,0,0,11,0,0,0,0,0,0,0,0,0,0,0,0,0,0,0,0,0,1,0,0,0,0,2,0,0,0,0,0,0,0,0,0,0,0,0,0,0,0,0,0,0,0,0,0,0,0
2015-10-24 16:38:39.982 UTC,109,3157829,800,11992,0,1,14,3,0.21428572,0,0,0,0,0,0,0,3,3,2,1,2,1,5,0,10,4,0,0,0,0,0,0,0,0,0,0,0,0,0,21956,7,0,21448,0,0,0,0,0,0,45,NaN,0,0,0,0,0,0,0,0,0,0,0,0,0,0,0,0,0,0,0,0,0,0,0,0,0,0,0,0,1445704719600,3145728,0,0,0,13,0,0,0,2,0,0,0,3,0,0,0,0,13,0,2048,1,0,0,0,0,102400,23,0,0,0,0,0,0,5,19,0,0,8857248,0,0,0,0,0,0,0,8,0,0,0,0,0,0,0,0,0,0,0,0,0,0,0,0,0,0,0,0,0,0,0,0,0,0,0,0,0,0,0,0,0,0,0,0,0,0,0,0,0,0,0,0,0,0
2015-10-24 16:38:40.068 UTC,573,3173181,1000,26880,0,0,8,2,0.25,0,0,0,0,0,0,0,5,5,0,0,2,1,9,0,7,5,0,0,0,0,0,0,0,0,0,0,0,0,0,21956,7,0,21448,0,0,0,0,0,0,45,NaN,0,0,0,0,0,0,0,0,0,0,0,0,0,0,0,0,0,0,0,0,0,0,0,0,0,0,0,0,1445704719600,3145728,0,0,0,9,0,0,0,1,0,0,0,3,0,0,0,0,9,1,0,0,0,0,0,1,28672,11,0,0,0,0,0,0,1,3,0,0,10404408,0,0,0,0,0,0,0,11,0,0,0,0,0,0,0,0,0,0,0,0,0,0,0,0,0,1,0,0,0,0,2,0,0,0,0,0,0,0,0,0,0,0,0,0,0,0,0,0,0,0,0,0,0,0
2015-10-24 16:38:40.127 UTC,109,3169605,1000,23688,80,0,17,4,0.23529412,0,0,0,0,0,0,0,4,4,2,0,2,1,7,0,13,7,0,0,0,0,0,0,0,0,0,0,0,0,0,22856,8,0,22155,0,0,0,0,0,0,43,NaN,0,0,0,0,0,0,0,0,0,0,0,0,0,0,0,0,0,0,0,0,0,0,0,0,0,0,0,0,1445704720081,3145728,0,0,0,17,0,0,0,3,0,0,0,3,0,0,0,0,17,1,2048,1,0,0,0,1,120832,29,0,0,0,0,0,0,7,25,0,0,14007528,0,0,0,0,0,0,0,12,0,0,0,0,0,0,0,0,0,0,0,0,0,0,0,0,0,0,0,0,0,0,1,0,0,0,0,0,0,0,0,0,0,0,0,0,0,0,0,0,0,0,0,0,0,0
2015-10-24 16:38:40.134 UTC,573,3173133,1000,26832,0,0,5,1,0.2,0,0,0,0,0,0,0,5,5,0,0,2,1,9,0,4,2,0,0,0,0,0,0,0,0,0,0,0,0,0,22856,8,0,22155,0,0,0,0,0,0,43,NaN,0,0,0,0,0,0,0,0,0,0,0,0,0,0,0,0,0,0,0,0,0,0,0,0,0,0,0,0,1445704720081,3145728,0,0,0,4,0,0,0,0,0,0,0,3,0,0,0,0,4,1,0,0,0,0,0,0,8192,4,0,0,0,0,0,0,1,4,1,18,11685400,0,0,0,0,0,0,0,7,0,0,0,0,0,0,0,0,0,0,0,0,0,0,0,0,0,1,0,0,0,0,1,0,0,0,0,0,0,0,0,0,0,0,0,0,0,0,0,0,0,0,0,0,0,0
2015-10-24 19:26:01.358 UTC,109,3157877,800,12040,0,1,14,3,0.21428572,0,0,0,0,0,0,0,3,3,2,1,2,1,5,0,10,4,0,0,0,0,0,0,0,0,0,0,0,0,0,23565,9,0,23055,0,0,0,0,0,0,42,NaN,0,0,0,0,0,0,0,0,0,0,0,0,0,0,0,0,0,0,0,0,0,0,0,0,0,0,0,0,1445714761054,3145728,0,0,0,13,0,0,0,2,0,0,0,3,0,0,0,0,13,0,2048,1,0,0,0,0,102400,23,0,0,0,0,0,0,5,21,0,0,9376008,0,0,0,0,0,0,0,8,0,0,0,0,0,0,0,0,0,0,0,0,0,0,0,0,0,0,0,0,0,0,0,0,0,0,0,0,0,0,0,0,0,0,0,0,0,0,0,0,0,0,0,0,0,0
2015-10-24 19:26:01.473 UTC,573,3173229,1000,26928,0,0,8,2,0.25,0,0,0,0,0,0,0,5,5,0,0,2,1,9,0,7,5,0,0,0,0,0,0,0,0,0,0,0,0,0,23565,9,0,23055,0,0,0,0,0,0,42,NaN,0,0,0,0,0,0,0,0,0,0,0,0,0,0,0,0,0,0,0,0,0,0,0,0,0,0,0,0,1445714761054,3145728,0,0,0,9,0,0,0,1,0,0,0,3,0,0,0,0,9,1,0,0,0,0,0,1,28672,11,0,0,0,0,0,0,1,3,0,0,10351200,0,0,0,0,0,0,0,11,0,0,0,0,0,0,0,0,0,0,0,0,0,0,0,0,0,1,0,0,0,0,2,0,0,0,0,0,0,0,0,0,0,0,0,0,0,0,0,0,0,0,0,0,0,0
2015-10-24 19:26:01.520 UTC,109,3169725,1000,23808,80,1,17,4,0.23529412,0,0,0,0,0,0,0,4,4,2,1,2,1,7,0,13,7,0,0,0,0,0,0,0,0,0,0,0,0,0,24398,10,0,23764,0,0,0,0,0,0,41,NaN,0,0,0,0,0,0,0,0,0,0,0,0,0,0,0,0,0,0,0,0,0,0,0,0,0,0,0,0,1445714761499,3145728,0,0,0,18,0,0,0,3,0,0,0,3,0,0,0,0,18,1,2048,1,0,0,0,1,122880,30,0,0,0,0,0,0,7,28,0,0,14058584,0,0,0,0,0,0,0,12,0,0,0,0,0,0,0,0,0,0,0,0,0,0,0,0,0,0,0,0,0,0,1,0,0,0,0,0,0,0,0,0,0,0,0,0,0,0,0,0,0,0,0,0,0,0
2015-10-24 19:26:01.528 UTC,573,3173253,1000,26952,0,0,5,1,0.2,0,0,0,0,0,0,0,5,5,0,0,2,1,9,0,4,2,0,0,0,0,0,0,0,0,0,0,0,0,0,24398,10,0,23764,0,0,0,0,0,0,41,NaN,0,0,0,0,0,0,0,0,0,0,0,0,0,0,0,0,0,0,0,0,0,0,0,0,0,0,0,0,1445714761499,3145728,0,0,0,4,0,0,0,0,0,0,0,3,0,0,0,0,4,1,0,0,0,0,0,0,8192,4,0,0,0,0,0,0,0,0,0,0,14320888,0,0,0,0,0,0,0,7,0,0,0,0,0,0,0,0,0,0,0,0,0,0,0,0,0,1,0,0,0,0,1,0,0,0,0,0,0,0,0,0,0,0,0,0,0,0,0,0,0,0,0,0,0,0
2015-10-24 20:45:39.343 UTC,109,3157853,800,12016,0,0,14,3,0.21428572,0,0,0,0,0,0,0,3,3,2,0,2,1,5,0,10,4,0,0,0,0,0,0,0,0,0,0,0,0,0,25239,11,0,24597,0,0,0,0,0,0,40,NaN,0,0,0,0,0,0,0,0,0,0,0,0,0,0,0,0,0,0,0,0,0,0,0,0,0,0,0,0,1445719538953,3145728,0,0,0,12,0,0,0,2,0,0,0,3,0,0,0,0,12,0,2048,1,0,0,0,0,108544,23,0,0,0,0,0,0,5,15,0,0,8878592,0,0,0,0,0,0,0,8,0,0,0,0,0,0,0,0,0,0,0,0,0,0,0,0,0,0,0,0,0,0,0,0,0,0,0,0,0,0,0,0,0,0,0,0,0,0,0,0,0,0,0,0,0,0
2015-10-24 20:46:07.266 UTC,109,3157853,800,12016,0,0,14,3,0.21428572,0,0,0,0,0,0,0,3,3,2,0,2,1,5,0,10,4,0,0,0,0,0,0,0,0,0,0,0,0,0,25239,11,0,24597,0,0,0,0,0,0,40,NaN,0,0,0,0,0,0,0,0,0,0,0,0,0,0,0,0,0,0,0,0,0,0,0,0,0,0,0,0,1445719566874,3145728,0,0,0,12,0,0,0,2,0,0,0,3,0,0,0,0,12,0,2048,1,0,0,0,0,108544,23,0,0,0,0,0,0,5,19,0,0,9327032,0,0,0,0,0,0,0,8,0,0,0,0,0,0,0,0,0,0,0,0,0,0,0,0,0,0,0,0,0,0,0,0,0,0,0,0,0,0,0,0,0,0,0,0,0,0,0,0,0,0,0,0,0,0
2015-10-24 20:47:07.275 UTC,109,3172917,1000,26904,176,0,9,2,0.22222222,0,0,0,0,0,0,0,5,5,0,0,2,2,8,0,8,4,0,0,0,0,0,0,0,0,0,0,0,0,0,25239,11,0,24597,0,0,0,0,0,0,40,NaN,0,0,0,0,0,0,0,0,0,0,0,0,0,0,0,0,0,0,0,0,0,0,0,0,0,0,0,0,1445719566874,3145728,0,0,0,8,0,0,0,1,0,0,0,3,0,0,0,0,8,1,0,0,0,0,0,1,26624,10,0,0,0,0,0,0,4,18,0,0,14684416,0,0,0,0,0,0,0,11,0,0,0,0,0,0,0,0,0,0,0,0,0,0,0,0,0,0,0,0,0,0,3,0,0,0,0,0,0,0,0,0,0,0,0,0,0,0,0,0,0,0,0,0,0,0
2015-10-24 20:50:17.667 UTC,109,3157853,800,12016,0,0,14,3,0.21428572,0,0,0,0,0,0,0,3,3,2,0,2,1,5,0,10,4,0,0,0,0,0,0,0,0,0,0,0,0,0,25239,11,0,24597,0,0,0,0,0,0,40,NaN,0,0,0,0,0,0,0,0,0,0,0,0,0,0,0,0,0,0,0,0,0,0,0,0,0,0,0,0,1445719817337,3145728,0,0,0,12,0,0,0,2,0,0,0,3,0,0,0,0,12,0,2048,1,0,0,0,0,108544,23,0,0,0,0,0,0,5,15,0,0,9307568,0,0,0,0,0,0,0,8,0,0,0,0,0,0,0,0,0,0,0,0,0,0,0,0,0,0,0,0,0,0,0,0,0,0,0,0,0,0,0,0,0,0,0,0,0,0,0,0,0,0,0,0,0,0
2015-10-24 20:50:42.974 UTC,109,3157853,800,12016,0,0,14,3,0.21428572,0,0,0,0,0,0,0,3,3,2,0,2,1,5,0,10,4,0,0,0,0,0,0,0,0,0,0,0,0,0,25239,11,0,24597,0,0,0,0,0,0,40,NaN,0,0,0,0,0,0,0,0,0,0,0,0,0,0,0,0,0,0,0,0,0,0,0,0,0,0,0,0,1445719842579,3145728,0,0,0,12,0,0,0,2,0,0,0,3,0,0,0,0,12,0,2048,1,0,0,0,0,108544,23,0,0,0,0,0,0,5,20,0,0,9363256,0,0,0,0,0,0,0,8,0,0,0,0,0,0,0,0,0,0,0,0,0,0,0,0,0,0,0,0,0,0,0,0,0,0,0,0,0,0,0,0,0,0,0,0,0,0,0,0,0,0,0,0,0,0
2015-10-24 20:51:55.421 UTC,109,3157853,800,12016,0,0,14,3,0.21428572,0,0,0,0,0,0,0,3,3,2,0,2,1,5,0,10,4,0,0,0,0,0,0,0,0,0,0,0,0,0,25239,11,0,24597,0,0,0,0,0,0,40,NaN,0,0,0,0,0,0,0,0,0,0,0,0,0,0,0,0,0,0,0,0,0,0,0,0,0,0,0,0,1445719914981,3145728,0,0,0,12,0,0,0,2,0,0,0,3,0,0,0,0,12,0,2048,1,0,0,0,0,108544,23,0,0,0,0,0,0,5,21,0,0,9348464,0,0,0,0,0,0,0,8,0,0,0,0,0,0,0,0,0,0,0,0,0,0,0,0,0,0,0,0,0,0,0,0,0,0,0,0,0,0,0,0,0,0,0,0,0,0,0,0,0,0,0,0,0,0
2015-10-24 20:52:55.430 UTC,109,3172901,1000,26904,160,0,8,2,0.25,0,0,0,0,0,0,0,5,5,0,0,2,1,9,0,6,4,0,0,0,0,0,0,0,0,0,0,0,0,0,25239,11,0,24597,0,0,0,0,0,0,40,NaN,0,0,0,0,0,0,0,0,0,0,0,0,0,0,0,0,0,0,0,0,0,0,0,0,0,0,0,0,1445719914981,3145728,0,0,0,8,0,0,0,1,0,0,0,3,0,0,0,0,8,1,0,0,0,0,0,1,26624,10,0,0,0,0,0,0,4,17,0,0,11633568,0,0,0,0,0,0,0,9,0,0,0,0,0,0,0,0,0,0,0,0,0,0,0,0,0,0,0,0,1,0,2,0,0,0,0,0,0,0,0,0,0,0,0,0,0,0,0,0,0,0,0,0,0,0
2015-10-24 20:53:55.436 UTC,109,3172901,1000,26904,160,0,0,0,0.0,0,0,0,0,0,0,0,5,5,0,0,2,1,9,0,0,0,0,0,0,0,0,0,0,0,0,0,0,0,0,25239,11,0,24597,0,0,0,0,0,0,40,NaN,0,0,0,0,0,0,0,0,0,0,0,0,0,0,0,0,0,0,0,0,0,0,0,0,0,0,0,0,1445719914981,3145728,0,0,0,0,0,0,0,0,0,0,0,3,0,0,0,0,0,1,0,0,0,0,0,0,0,0,0,0,0,0,0,0,0,0,0,0,11744880,0,0,0,0,0,0,0,0,0,0,0,0,0,0,0,0,0,0,0,0,0,0,0,0,0,0,0,0,0,0,0,0,0,0,0,0,0,0,0,0,0,0,0,0,0,0,0,0,0,0,0,0,0,0
2015-10-24 20:54:55.446 UTC,109,3172901,1000,26904,160,0,1,0,0.0,0,0,0,0,0,0,0,5,5,0,0,2,1,9,0,1,0,0,0,0,0,0,0,0,0,0,0,0,0,0,25239,11,0,24597,0,0,0,0,0,0,40,NaN,0,0,0,0,0,0,0,0,0,0,0,0,0,0,0,0,0,0,0,0,0,0,0,0,0,0,0,0,1445719914981,3145728,0,0,0,0,0,0,0,0,0,0,0,3,0,0,0,0,0,1,0,0,0,0,0,0,0,0,0,0,0,0,0,0,0,0,0,0,11848144,0,0,0,0,0,0,0,1,0,0,0,0,0,0,0,0,0,0,0,0,0,0,0,0,0,0,0,0,0,0,1,0,0,0,0,0,0,0,0,0,0,0,0,0,0,0,0,0,0,0,0,0,0,0
2015-10-24 20:55:55.468 UTC,109,3172901,1000,26904,160,0,0,0,0.0,0,0,0,0,0,0,0,5,5,0,0,2,1,9,0,0,0,0,0,0,0,0,0,0,0,0,0,0,0,0,25239,11,0,24597,0,0,0,0,0,0,40,NaN,0,0,0,0,0,0,0,0,0,0,0,0,0,0,0,0,0,0,0,0,0,0,0,0,0,0,0,0,1445719914981,3145728,0,0,0,0,0,0,0,0,0,0,0,3,0,0,0,0,0,1,0,0,0,0,0,0,0,0,0,0,0,0,0,0,0,0,0,0,11997416,0,0,0,0,0,0,0,0,0,0,0,0,0,0,0,0,0,0,0,0,0,0,0,0,0,0,0,0,0,0,0,0,0,0,0,0,0,0,0,0,0,0,0,0,0,0,0,0,0,0,0,0,0,0
2015-10-24 20:56:55.473 UTC,109,3172901,1000,26904,160,0,1,0,0.0,0,0,0,0,0,0,0,5,5,0,0,2,1,9,0,1,0,0,0,0,0,0,0,0,0,0,0,0,0,0,25239,11,0,24597,0,0,0,0,0,0,40,NaN,0,0,0,0,0,0,0,0,0,0,0,0,0,0,0,0,0,0,0,0,0,0,0,0,0,0,0,0,1445719914981,3145728,0,0,0,0,0,0,0,0,0,0,0,3,0,0,0,0,0,1,0,0,0,0,0,0,0,0,0,0,0,0,0,0,0,0,0,0,12108928,0,0,0,0,0,0,0,1,0,0,0,0,0,0,0,0,0,0,0,0,0,0,0,0,0,0,0,0,0,0,1,0,0,0,0,0,0,0,0,0,0,0,0,0,0,0,0,0,0,0,0,0,0,0
2015-10-24 20:57:55.480 UTC,109,3172901,1000,26904,160,0,1,0,0.0,0,0,0,0,0,0,0,5,5,0,0,2,1,9,0,1,0,0,0,0,0,0,0,0,0,0,0,0,0,0,25239,11,0,24597,0,0,0,0,0,0,40,NaN,0,0,0,0,0,0,0,0,0,0,0,0,0,0,0,0,0,0,0,0,0,0,0,0,0,0,0,0,1445719914981,3145728,0,0,0,0,0,0,0,0,0,0,0,3,0,0,0,0,0,1,0,0,0,0,0,0,0,0,0,0,0,0,0,0,0,0,0,0,12246352,0,0,0,0,0,0,0,1,0,0,0,0,0,0,0,0,0,0,0,0,0,0,0,0,0,0,0,0,0,0,1,0,0,0,0,0,0,0,0,0,0,0,0,0,0,0,0,0,0,0,0,0,0,0
2015-10-24 20:58:55.482 UTC,109,3172901,1000,26904,160,0,0,0,0.0,0,0,0,0,0,0,0,5,5,0,0,2,1,9,0,0,0,0,0,0,0,0,0,0,0,0,0,0,0,0,25239,11,0,24597,0,0,0,0,0,0,40,NaN,0,0,0,0,0,0,0,0,0,0,0,0,0,0,0,0,0,0,0,0,0,0,0,0,0,0,0,0,1445719914981,3145728,0,0,0,0,0,0,0,0,0,0,0,3,0,0,0,0,0,1,0,0,0,0,0,0,0,0,0,0,0,0,0,0,0,0,0,0,12357688,0,0,0,0,0,0,0,0,0,0,0,0,0,0,0,0,0,0,0,0,0,0,0,0,0,0,0,0,0,0,0,0,0,0,0,0,0,0,0,0,0,0,0,0,0,0,0,0,0,0,0,0,0,0
2015-10-24 20:59:55.484 UTC,109,3172901,1000,26904,160,0,0,0,0.0,0,0,0,0,0,0,0,5,5,0,0,2,1,9,0,0,0,0,0,0,0,0,0,0,0,0,0,0,0,0,25239,11,0,24597,0,0,0,0,0,0,40,NaN,0,0,0,0,0,0,0,0,0,0,0,0,0,0,0,0,0,0,0,0,0,0,0,0,0,0,0,0,1445719914981,3145728,0,0,0,0,0,0,0,0,0,0,0,3,0,0,0,0,0,1,0,0,0,0,0,0,0,0,0,0,0,0,0,0,0,0,0,0,12469144,0,0,0,0,0,0,0,0,0,0,0,0,0,0,0,0,0,0,0,0,0,0,0,0,0,0,0,0,0,0,0,0,0,0,0,0,0,0,0,0,0,0,0,0,0,0,0,0,0,0,0,0,0,0
2015-10-24 21:00:55.494 UTC,109,3172901,1000,26904,160,0,0,0,0.0,0,0,0,0,0,0,0,5,5,0,0,2,1,9,0,0,0,0,0,0,0,0,0,0,0,0,0,0,0,0,25239,11,0,24597,0,0,0,0,0,0,40,NaN,0,0,0,0,0,0,0,0,0,0,0,0,0,0,0,0,0,0,0,0,0,0,0,0,0,0,0,0,1445719914981,3145728,0,0,0,0,0,0,0,0,0,0,0,3,0,0,0,0,0,1,0,0,0,0,0,0,0,0,0,0,0,0,0,0,0,0,0,0,12581568,0,0,0,0,0,0,0,0,0,0,0,0,0,0,0,0,0,0,0,0,0,0,0,0,0,0,0,0,0,0,0,0,0,0,0,0,0,0,0,0,0,0,0,0,0,0,0,0,0,0,0,0,0,0
2015-10-24 21:01:55.499 UTC,109,3172901,1000,26904,160,0,0,0,0.0,0,0,0,0,0,0,0,5,5,0,0,2,1,9,0,0,0,0,0,0,0,0,0,0,0,0,0,0,0,0,25239,11,0,24597,0,0,0,0,0,0,40,NaN,0,0,0,0,0,0,0,0,0,0,0,0,0,0,0,0,0,0,0,0,0,0,0,0,0,0,0,0,1445719914981,3145728,0,0,0,0,0,0,0,0,0,0,0,3,0,0,0,0,0,1,0,0,0,0,0,0,0,0,0,0,0,0,0,0,0,0,0,0,12694136,0,0,0,0,0,0,0,0,0,0,0,0,0,0,0,0,0,0,0,0,0,0,0,0,0,0,0,0,0,0,0,0,0,0,0,0,0,0,0,0,0,0,0,0,0,0,0,0,0,0,0,0,0,0
2015-10-24 21:02:59.021 UTC,109,3157853,800,12016,0,0,14,3,0.21428572,0,0,0,0,0,0,0,3,3,2,0,2,1,5,0,10,4,0,0,0,0,0,0,0,0,0,0,0,0,0,25239,11,0,24597,0,0,0,0,0,0,40,NaN,0,0,0,0,0,0,0,0,0,0,0,0,0,0,0,0,0,0,0,0,0,0,0,0,0,0,0,0,1445720578676,3145728,0,0,0,12,0,0,0,2,0,0,0,3,0,0,0,0,12,0,2048,1,0,0,0,0,108544,23,0,0,0,0,0,0,5,28,0,0,9090400,1,0,0,0,0,0,0,8,0,0,0,0,0,0,0,0,0,0,0,0,0,0,0,0,0,0,0,0,0,0,0,0,0,0,0,0,0,0,0,0,0,0,0,0,0,0,0,0,0,0,0,0,0,0
2015-10-24 21:31:52.769 UTC,109,3157853,800,12016,0,0,14,3,0.21428572,0,0,0,0,0,0,0,3,3,2,0,2,1,5,0,10,4,0,0,0,0,0,0,0,0,0,0,0,0,0,25239,11,0,24597,0,0,0,0,0,0,40,NaN,0,0,0,0,0,0,0,0,0,0,0,0,0,0,0,0,0,0,0,0,0,0,0,0,0,0,0,0,1445722312454,3145728,0,0,0,12,0,0,0,2,0,0,0,3,0,0,0,0,12,0,2048,1,0,0,0,0,108544,23,0,0,0,0,0,0,5,16,0,0,9217344,0,0,0,0,0,0,0,8,0,0,0,0,0,0,0,0,0,0,0,0,0,0,0,0,0,0,0,0,0,0,0,0,0,0,0,0,0,0,0,0,0,0,0,0,0,0,0,0,0,0,0,0,0,0
